patch,thr_fdi,thr_ndvi,fdi_px,ndvi_px,both_px,valid_px,fdi_pct,ndvi_pct,both_pct
S2_22-12-20_18QYF_0.tif,0.011710967286489904,-0.029398113489151,331,225,160,65536,0.50506591796875,0.34332275390625,0.244140625
