patch,water_px,thr_fdi,thr_ndvi,fdi_px,ndvi_px,both_px
cairo.tif,134157,0.02866863110102713,-0.1507231742143631,1124,4393,672
